{
  "n01930112": 0.0,
  "n01981276": 0.01,
  "n02099601": 0.015,
  "n02110063": 0.0016666666666666668,
  "n02110341": 0.0,
  "n02116738": 0.0,
  "n02129165": 0.0,
  "n02219486": 0.0,
  "n02443484": 0.008333333333333333,
  "n02871525": 0.0,
  "n03127925": 0.0,
  "n03146219": 0.0,
  "n03272010": 0.0,
  "n03544143": 0.0,
  "n03775546": 0.0,
  "n04146614": 0.005,
  "n04149813": 0.0,
  "n04418357": 0.0,
  "n04522168": 0.01,
  "n07613480": 0.0
}