{
  "train_loss": [
    2.696548154177489,
    2.322724453828953,
    2.304157578503644,
    2.298706574793215,
    2.2914212257773787,
    2.0964239012312005,
    1.9527479235772733,
    1.8838070595705951,
    1.8247464338938395,
    1.7711806507022292,
    1.7470923163272716,
    1.7070475940351133,
    1.694562817282147,
    1.6680402195012127,
    1.6433698656382385,
    1.6227800687154135,
    1.6217734771746177,
    1.6172428981021598,
    1.615699928998947,
    1.6074356571391777,
    1.6134164128038617,
    1.610937706850193,
    1.6100385873406022,
    1.600011780526903,
    1.6002171560570047,
    1.5943420597800502,
    1.5970210940749556,
    1.5981287552250756,
    1.5981072425842284,
    1.5996396490821132,
    1.6003936248796957,
    1.5972107189672964,
    1.5957064520429682,
    1.5948472592565748,
    1.5912576470110151
  ],
  "train_acc": [
    0.4270833333333333,
    0.5362268518518518,
    0.5413483796296297,
    0.5442708333333334,
    0.5470486111111111,
    0.6046296296296296,
    0.6472222222222223,
    0.6623263888888888,
    0.6830150462962963,
    0.6967592592592593,
    0.7049768518518519,
    0.7168981481481481,
    0.7184027777777777,
    0.7280960648148148,
    0.7354166666666667,
    0.7405381944444445,
    0.7431134259259259,
    0.7437789351851852,
    0.7432291666666667,
    0.7461226851851852,
    0.7429398148148149,
    0.7442129629629629,
    0.7447048611111111,
    0.7484085648148148,
    0.7508969907407408,
    0.7507233796296297,
    0.7484085648148148,
    0.7486979166666666,
    0.7502893518518519,
    0.749537037037037,
    0.7493344907407408,
    0.7511284722222222,
    0.7513020833333334,
    0.7513599537037037,
    0.7499131944444445
  ],
  "val_loss": [
    2.0615061302979787,
    2.0049719055493673,
    1.9900144775708517,
    2.0160734275976817,
    1.984501737356186,
    1.7782218635082245,
    1.7184871772925059,
    1.6870798905690512,
    1.645369646946589,
    1.626948243379593,
    1.6125762144724527,
    1.5998548825581869,
    1.5916427791118621,
    1.5857675035794576,
    1.5770270148913066,
    1.570782188574473,
    1.5661006152629853,
    1.5646415591239928,
    1.56502615014712,
    1.5643945952256522,
    1.5530177195866903,
    1.5597033003966014,
    1.5621743977069855,
    1.5576163272062937,
    1.555538147687912,
    1.5633661290009817,
    1.5590708792209624,
    1.571333998441696,
    1.5578246057033538,
    1.557616509993871,
    1.5636006196339924,
    1.5576605101426442,
    1.557249261935552,
    1.5510140001773833,
    1.5591988225777944
  ],
  "val_acc": [
    0.6125,
    0.6401041666666667,
    0.6395833333333333,
    0.64453125,
    0.6421875,
    0.7049479166666667,
    0.7255208333333333,
    0.7309895833333333,
    0.7424479166666667,
    0.74296875,
    0.7528645833333333,
    0.7513020833333334,
    0.753125,
    0.7544270833333333,
    0.7559895833333333,
    0.7567708333333333,
    0.75703125,
    0.7622395833333333,
    0.759375,
    0.7596354166666667,
    0.76484375,
    0.7614583333333333,
    0.7625,
    0.7622395833333333,
    0.7635416666666667,
    0.7604166666666666,
    0.7598958333333333,
    0.7580729166666667,
    0.7625,
    0.76171875,
    0.7619791666666667,
    0.76171875,
    0.7627604166666667,
    0.7604166666666666,
    0.75859375
  ]
}