{
  "n01532829": 0.7333333333333333,
  "n01558993": 0.7166666666666667,
  "n01704323": 0.75,
  "n01749939": 0.8666666666666667,
  "n01770081": 0.85,
  "n01843383": 0.85,
  "n01910747": 0.8666666666666667,
  "n02074367": 0.8666666666666667,
  "n02089867": 0.7166666666666667,
  "n02091831": 0.7666666666666667,
  "n02101006": 0.75,
  "n02105505": 0.8666666666666667,
  "n02108089": 0.6666666666666666,
  "n02108551": 0.55,
  "n02108915": 0.5833333333333334,
  "n02111277": 0.6833333333333333,
  "n02113712": 0.6333333333333333,
  "n02120079": 0.7666666666666667,
  "n02165456": 0.85,
  "n02457408": 0.6666666666666666,
  "n02606052": 0.85,
  "n02687172": 0.9333333333333333,
  "n02747177": 0.6666666666666666,
  "n02795169": 0.5666666666666667,
  "n02823428": 0.6333333333333333,
  "n02966193": 0.7666666666666667,
  "n03017168": 0.6666666666666666,
  "n03047690": 0.6,
  "n03062245": 0.5666666666666667,
  "n03207743": 0.9,
  "n03220513": 0.7833333333333333,
  "n03337140": 0.8166666666666667,
  "n03347037": 0.8666666666666667,
  "n03400231": 0.6333333333333333,
  "n03476684": 0.8166666666666667,
  "n03527444": 0.8333333333333334,
  "n03676483": 0.6833333333333333,
  "n03838899": 0.6666666666666666,
  "n03854065": 0.7833333333333333,
  "n03888605": 0.7666666666666667,
  "n03908618": 0.7,
  "n03924679": 0.7666666666666667,
  "n03998194": 0.8333333333333334,
  "n04067472": 0.65,
  "n04243546": 0.8666666666666667,
  "n04251144": 0.7833333333333333,
  "n04258138": 0.6833333333333333,
  "n04275548": 0.7333333333333333,
  "n04296562": 0.7833333333333333,
  "n04389033": 0.8333333333333334,
  "n04435653": 0.8333333333333334,
  "n04443257": 0.65,
  "n04509417": 0.6333333333333333,
  "n04515003": 0.75,
  "n04596742": 0.5333333333333333,
  "n04604644": 0.7666666666666667,
  "n04612504": 0.9166666666666666,
  "n06794110": 0.7166666666666667,
  "n07584110": 0.95,
  "n07697537": 0.7,
  "n07747607": 0.8666666666666667,
  "n09246464": 0.7333333333333333,
  "n13054560": 0.8333333333333334,
  "n13133613": 0.7166666666666667
}