{
  "train_loss": [
    2.3764014469252692,
    2.1518064013233893,
    2.1444851612603224,
    2.1437418493959637,
    2.1450856380992467,
    1.9194615092542437,
    1.7881600810421838,
    1.7248643965632826,
    1.6740992645422617,
    1.64412430745584,
    1.6115006380610997,
    1.5860445320606231,
    1.559028466101046,
    1.545404330889384,
    1.5275691158241695,
    1.4959317858572359,
    1.500525192640446,
    1.4954524009316057,
    1.4877762759173359,
    1.4880483199048926,
    1.4893369072013432,
    1.4935695359000454,
    1.483776072661082,
    1.485437352569015,
    1.4846337075586673,
    1.4786856123694667,
    1.4809029378272869,
    1.4820885996023814,
    1.4772721476025052,
    1.4827985790040759,
    1.4844700305550187,
    1.4781339640970583,
    1.4838981725551463,
    1.4761225702585998,
    1.473830571881047
  ],
  "train_acc": [
    0.5184027777777778,
    0.5863136574074074,
    0.5909722222222222,
    0.5916087962962963,
    0.5911747685185185,
    0.654050925925926,
    0.6930844907407407,
    0.7125578703703703,
    0.7276041666666667,
    0.7341724537037037,
    0.745630787037037,
    0.7532407407407408,
    0.7608796296296296,
    0.7660011574074074,
    0.7717881944444445,
    0.7810474537037037,
    0.7813946759259259,
    0.7814525462962963,
    0.7853009259259259,
    0.7857349537037037,
    0.7830150462962963,
    0.7826388888888889,
    0.7850983796296296,
    0.7849537037037037,
    0.7852719907407407,
    0.787962962962963,
    0.7833333333333333,
    0.7864583333333334,
    0.7890914351851852,
    0.7856770833333333,
    0.784693287037037,
    0.7861400462962963,
    0.7831597222222222,
    0.7886863425925926,
    0.790162037037037
  ],
  "val_loss": [
    2.033832081158956,
    1.9975649734338126,
    2.008153674999873,
    2.067830300331116,
    2.012134333451589,
    1.8090291837851207,
    1.7568409264087677,
    1.7327286899089813,
    1.7018952171007793,
    1.6810353179772695,
    1.6689750214417776,
    1.6644534567991893,
    1.641090412934621,
    1.6232223709424336,
    1.630016177892685,
    1.6201991260051727,
    1.625693573554357,
    1.6240550835927328,
    1.6122717340787251,
    1.6100012520949045,
    1.6237680812676747,
    1.619107727209727,
    1.6063760280609132,
    1.6033297856648763,
    1.61070929368337,
    1.6185871918996175,
    1.6118778785069783,
    1.6060532291730245,
    1.6158698817094168,
    1.6200462758541108,
    1.6193848609924317,
    1.6223721742630004,
    1.6143353184064229,
    1.6110411326090495,
    1.6163580199082692
  ],
  "val_acc": [
    0.63125,
    0.65,
    0.6440104166666667,
    0.63125,
    0.6486979166666667,
    0.69140625,
    0.7088541666666667,
    0.7153645833333333,
    0.7190104166666667,
    0.7286458333333333,
    0.72890625,
    0.7341145833333333,
    0.7393229166666667,
    0.7432291666666667,
    0.7411458333333333,
    0.7450520833333333,
    0.7427083333333333,
    0.7416666666666667,
    0.7419270833333333,
    0.7471354166666667,
    0.74140625,
    0.7455729166666667,
    0.746875,
    0.7505208333333333,
    0.7484375,
    0.7447916666666666,
    0.7463541666666667,
    0.74609375,
    0.74140625,
    0.7455729166666667,
    0.7453125,
    0.7432291666666667,
    0.7458333333333333,
    0.74609375,
    0.7442708333333333
  ]
}